INSERT INTO users (id, username, email, password) VALUES ('5e8c23b1-5bc8-4d56-8519-09808f3c7bba', 'eagle', 'eagle@example.com', '$2a$10$5bHPac/dHLcFUlazPYlQ9e2G.LqaVwOTgPhhwQeYwfblIBj1Z4XSK');

INSERT INTO role (name)
VALUES ('ROLE_USER');

INSERT INTO user_role (user_id, role_id)
VALUES ('5e8c23b1-5bc8-4d56-8519-09808f3c7bba', 1);

INSERT INTO Composition (name)
VALUES
    ('Gadgeteens'),
    ('Infiniteams'),
    ('Lasercorps_brawlers'),
    ('Ox_force_spellslingers'),
    ('Aegies_quickdraw');

INSERT INTO Augment (name, augment_Class)
VALUES
    ('Gadgeteen_heart', 0),
    ('Gadgeteen_crest', 1),
    ('Gadgeteen_soul', 2),
    ('Temper_Tantrum', 3),
    ('Celestial_Blessing', 1),
    ('Ascension', 1),
    ('Threat_Level_Maximum', 1),
    ('Infiniteam_heart', 0),
    ('Infiniteam_crest', 1),
    ('Admin_heart', 0),
    ('Ox_force_heart', 0),
    ('Ox_force_crest', 1),
    ('Duelist_heart', 0),
    ('Duelist_crest', 1),
    ('Exiles', 1),
    ('Trade_sector', 1),
    ('Golden_Ticket', 2),
    ('Sureshot_heart', 0),
    ('Thrill_I', 0),
    ('Thrill_II', 1);

INSERT INTO Component (name)
VALUES
    ('Recurve_bow'),
    ('Chain_vest'),
    ('Tear_of_the_Goddess'),
    ('Giants_belt'),
    ('B_F_Sword'),
    ('Negatrons_cloak');

INSERT INTO Item (name)
VALUES
    ('ZZ_rot'),
    ('Titans_resolve'),
    ('Gargoyle_Stoneplate'),
    ('Warmogs'),
    ('Rageblade'),
    ('Statiks_shiv'),
    ('Dragons_claw');



INSERT INTO Composition_Augment (composition_name, augment_name, connection)
VALUES
    ('Ox_force_spellslingers', 'Gadgeteen_heart', 0),
    ('Ox_force_spellslingers', 'Gadgeteen_crest', 0),
    ('Ox_force_spellslingers', 'Gadgeteen_soul', 0),
    ('Ox_force_spellslingers', 'Temper_Tantrum', 0),
    ('Ox_force_spellslingers', 'Celestial_Blessing', 85),
    ('Ox_force_spellslingers', 'Ascension', 50),
    ('Ox_force_spellslingers', 'Threat_Level_Maximum', 0),
    ('Ox_force_spellslingers', 'Infiniteam_heart', 0),
    ('Ox_force_spellslingers', 'Infiniteam_crest', 25),
    ('Ox_force_spellslingers', 'Admin_heart', 25),
    ('Ox_force_spellslingers', 'Ox_force_heart', 100),
    ('Ox_force_spellslingers', 'Ox_force_crest', 0),
    ('Ox_force_spellslingers', 'Duelist_heart', 0),
    ('Ox_force_spellslingers', 'Duelist_crest', 0),
    ('Ox_force_spellslingers', 'Exiles', 50),
    ('Ox_force_spellslingers', 'Trade_sector', 65),
    ('Ox_force_spellslingers', 'Golden_Ticket', 15),
    ('Ox_force_spellslingers', 'Sureshot_heart', 40),
    ('Ox_force_spellslingers', 'Thrill_I', 70),
    ('Ox_force_spellslingers', 'Thrill_II', 100),
    ('Aegies_quickdraw', 'Gadgeteen_heart', 0),
    ('Aegies_quickdraw', 'Gadgeteen_crest', 0),
    ('Aegies_quickdraw', 'Gadgeteen_soul', 0),
    ('Aegies_quickdraw', 'Temper_Tantrum', 0),
    ('Aegies_quickdraw', 'Celestial_Blessing', 90),
    ('Aegies_quickdraw', 'Ascension', 45),
    ('Aegies_quickdraw', 'Threat_Level_Maximum', 30),
    ('Aegies_quickdraw', 'Infiniteam_heart', 0),
    ('Aegies_quickdraw', 'Infiniteam_crest', 25),
    ('Aegies_quickdraw', 'Admin_heart', 25),
    ('Aegies_quickdraw', 'Ox_force_heart', 0),
    ('Aegies_quickdraw', 'Ox_force_crest', 0),
    ('Aegies_quickdraw', 'Duelist_heart', 0),
    ('Aegies_quickdraw', 'Duelist_crest', 0),
    ('Aegies_quickdraw', 'Exiles', 50),
    ('Aegies_quickdraw', 'Trade_sector', 55),
    ('Aegies_quickdraw', 'Golden_Ticket', 40),
    ('Aegies_quickdraw', 'Sureshot_heart', 40),
    ('Aegies_quickdraw', 'Thrill_I', 100),
    ('Aegies_quickdraw', 'Thrill_II', 100),
    ('Lasercorps_brawlers', 'Gadgeteen_heart', 0),
    ('Lasercorps_brawlers', 'Gadgeteen_crest', 0),
    ('Lasercorps_brawlers', 'Gadgeteen_soul', 0),
    ('Lasercorps_brawlers', 'Temper_Tantrum', 0),
    ('Lasercorps_brawlers', 'Celestial_Blessing', 50),
    ('Lasercorps_brawlers', 'Ascension', 100),
    ('Lasercorps_brawlers', 'Threat_Level_Maximum', 20),
    ('Lasercorps_brawlers', 'Infiniteam_heart', 0),
    ('Lasercorps_brawlers', 'Infiniteam_crest', 0),
    ('Lasercorps_brawlers', 'Admin_heart', 50),
    ('Lasercorps_brawlers', 'Ox_force_heart', 0),
    ('Lasercorps_brawlers', 'Ox_force_crest', 0),
    ('Lasercorps_brawlers', 'Duelist_heart', 10),
    ('Lasercorps_brawlers', 'Duelist_crest', 40),
    ('Lasercorps_brawlers', 'Exiles', 50),
    ('Lasercorps_brawlers', 'Trade_sector', 90),
    ('Lasercorps_brawlers', 'Golden_Ticket', 20),
    ('Lasercorps_brawlers', 'Sureshot_heart', 0),
    ('Lasercorps_brawlers', 'Thrill_I', 40),
    ('Lasercorps_brawlers', 'Thrill_II', 10),
    ('Infiniteams', 'Gadgeteen_heart', 0),
    ('Infiniteams', 'Gadgeteen_crest', 0),
    ('Infiniteams', 'Gadgeteen_soul', 0),
    ('Infiniteams', 'Temper_Tantrum', 30),
    ('Infiniteams', 'Celestial_Blessing', 40),
    ('Infiniteams', 'Ascension', 40),
    ('Infiniteams', 'Threat_Level_Maximum', 0),
    ('Infiniteams', 'Infiniteam_heart', 100),
    ('Infiniteams', 'Infiniteam_crest', 100),
    ('Infiniteams', 'Admin_heart', 10),
    ('Infiniteams', 'Ox_force_heart', 0),
    ('Infiniteams', 'Ox_force_crest', 0),
    ('Infiniteams', 'Duelist_heart', 20),
    ('Infiniteams', 'Duelist_crest', 70),
    ('Infiniteams', 'Exiles', 50),
    ('Infiniteams', 'Trade_sector', 40),
    ('Infiniteams', 'Golden_Ticket', 70),
    ('Infiniteams', 'Sureshot_heart', 0),
    ('Infiniteams', 'Thrill_I', 30),
    ('Infiniteams', 'Thrill_II', 20),
    ('Gadgeteens', 'Gadgeteen_heart', 100),
    ('Gadgeteens', 'Gadgeteen_crest', 100),
    ('Gadgeteens', 'Gadgeteen_soul', 100),
    ('Gadgeteens', 'Temper_Tantrum', 100),
    ('Gadgeteens', 'Celestial_Blessing', 10),
    ('Gadgeteens', 'Ascension', 20),
    ('Gadgeteens', 'Threat_Level_Maximum', 0),
    ('Gadgeteens', 'Infiniteam_heart', 0),
    ('Gadgeteens', 'Infiniteam_crest', 0),
    ('Gadgeteens', 'Admin_heart', 0),
    ('Gadgeteens', 'Ox_force_heart', 0),
    ('Gadgeteens', 'Ox_force_crest', 0),
    ('Gadgeteens', 'Duelist_heart', 0),
    ('Gadgeteens', 'Duelist_crest', 0),
    ('Gadgeteens', 'Exiles', 50),
    ('Gadgeteens', 'Trade_sector', 90),
    ('Gadgeteens', 'Golden_Ticket', 100),
    ('Gadgeteens', 'Sureshot_heart', 0),
    ('Gadgeteens', 'Thrill_I', 50),
    ('Gadgeteens', 'Thrill_II', 50);


INSERT INTO Composition_Component (composition_name, component_name, connection)
VALUES
    ('Gadgeteens', 'Recurve_bow', 0),
    ('Infiniteams', 'Recurve_bow', 40),
    ('Lasercorps_brawlers', 'Recurve_bow', 60),
    ('Ox_force_spellslingers', 'Recurve_bow', 100),
    ('Aegies_quickdraw', 'Recurve_bow', 100),
    ('Gadgeteens', 'Chain_vest', 100),
    ('Infiniteams', 'Chain_vest', 45),
    ('Lasercorps_brawlers', 'Chain_vest', 20),
    ('Ox_force_spellslingers', 'Chain_vest', 50),
    ('Aegies_quickdraw', 'Chain_vest', 100),
    ('Gadgeteens', 'Tear_of_the_Goddess', 0),
    ('Infiniteams', 'Tear_of_the_Goddess', 10),
    ('Lasercorps_brawlers', 'Tear_of_the_Goddess', 25),
    ('Ox_force_spellslingers', 'Tear_of_the_Goddess', 30),
    ('Aegies_quickdraw', 'Tear_of_the_Goddess', 0),
    ('Gadgeteens', 'Giants_belt', 100),
    ('Infiniteams', 'Giants_belt', 30),
    ('Lasercorps_brawlers', 'Giants_belt', 60),
    ('Ox_force_spellslingers', 'Giants_belt', 0),
    ('Aegies_quickdraw', 'Giants_belt', 80),
    ('Gadgeteens', 'B_F_Sword', 80),
    ('Infiniteams', 'B_F_Sword', 40),
    ('Lasercorps_brawlers', 'B_F_Sword', 50),
    ('Ox_force_spellslingers', 'B_F_Sword', 85),
    ('Aegies_quickdraw', 'B_F_Sword', 90),
    ('Gadgeteens', 'Negatrons_cloak', 70),
    ('Infiniteams', 'Negatrons_cloak', 80),
    ('Lasercorps_brawlers', 'Negatrons_cloak', 0),
    ('Ox_force_spellslingers', 'Negatrons_cloak', 25),
    ('Aegies_quickdraw', 'Negatrons_cloak', 0);

INSERT INTO Composition_Item (composition_name, item_name, connection)
VALUES
    ('Gadgeteens', 'ZZ_rot', 90),
    ('Infiniteams', 'ZZ_rot', 60),
    ('Lasercorps_brawlers', 'ZZ_rot', 30),
    ('Ox_force_spellslingers', 'ZZ_rot', 20),
    ('Aegies_quickdraw', 'ZZ_rot', 0),
    ('Gadgeteens', 'Titans_resolve', 100),
    ('Infiniteams', 'Titans_resolve', 0),
    ('Lasercorps_brawlers', 'Titans_resolve', 0),
    ('Ox_force_spellslingers', 'Titans_resolve', 80),
    ('Aegies_quickdraw', 'Titans_resolve', 50),
    ('Gadgeteens', 'Gargoyle_Stoneplate', 100),
    ('Infiniteams', 'Gargoyle_Stoneplate', 50),
    ('Lasercorps_brawlers', 'Gargoyle_Stoneplate', 50),
    ('Ox_force_spellslingers', 'Gargoyle_Stoneplate', 20),
    ('Aegies_quickdraw', 'Gargoyle_Stoneplate', 90),
    ('Gadgeteens', 'Warmogs', 100),
    ('Infiniteams', 'Warmogs', 80),
    ('Lasercorps_brawlers', 'Warmogs', 80),
    ('Ox_force_spellslingers', 'Warmogs', 90),
    ('Aegies_quickdraw', 'Warmogs', 100),
    ('Gadgeteens', 'Rageblade', 0),
    ('Infiniteams', 'Rageblade', 40),
    ('Lasercorps_brawlers', 'Rageblade', 80),
    ('Ox_force_spellslingers', 'Rageblade', 95),
    ('Aegies_quickdraw', 'Rageblade', 100),
    ('Gadgeteens', 'Statiks_shiv', 0),
    ('Infiniteams', 'Statiks_shiv', 40),
    ('Lasercorps_brawlers', 'Statiks_shiv', 40),
    ('Ox_force_spellslingers', 'Statiks_shiv', 90),
    ('Aegies_quickdraw', 'Statiks_shiv', 100),
    ('Gadgeteens', 'Dragons_claw', 50),
    ('Infiniteams', 'Dragons_claw', 30),
    ('Lasercorps_brawlers', 'Dragons_claw', 100),
    ('Ox_force_spellslingers', 'Dragons_claw', 40),
    ('Aegies_quickdraw', 'Dragons_claw', 10);
