INSERT INTO users (id, username, email, password) VALUES ('5e8c23b1-5bc8-4d56-8519-09808f3c7bba', 'eagle', 'eagle@example.com', '$2a$10$5bHPac/dHLcFUlazPYlQ9e2G.LqaVwOTgPhhwQeYwfblIBj1Z4XSK');

INSERT INTO role (name)
VALUES ('ROLE_USER');

INSERT INTO user_role (user_id, role_id)
VALUES ('5e8c23b1-5bc8-4d56-8519-09808f3c7bba', 1);

INSERT INTO Composition (name)
VALUES
    ('Gadgeteens'),
    ('Infiniteams'),
    ('Lasercorps_brawlers'),
    ('Ox_force_spellslingers'),
    ('Aegies_quickdraw');

INSERT INTO Augment (name, augment_Class)
VALUES
    ('Gadgeteen_heart', 0),
    ('Gadgeteen_crest', 1),
    ('Gadgeteen_soul', 2),
    ('Temper_Tantrum', 3),
    ('Celestial_Blessing', 1),
    ('Ascension', 1),
    ('Threat_Level_Maximum', 1),
    ('Infiniteam_heart', 0),
    ('Infiniteam_crest', 1),
    ('Admin_heart', 0),
    ('Ox_force_heart', 0),
    ('Ox_force_crest', 1),
    ('Duelist_heart', 0),
    ('Duelist_crest', 1),
    ('Exiles', 1),
    ('Trade_sector', 1),
    ('Golden_Ticket', 2),
    ('Sureshot_heart', 0),
    ('Thrill_I', 0),
    ('Thrill_II', 1);

INSERT INTO Composition_Augment (composition_name, augment_name, connection)
VALUES
    ('Ox_force_spellslingers', 'Gadgeteen_heart', 0),
    ('Ox_force_spellslingers', 'Gadgeteen_crest', 0),
    ('Ox_force_spellslingers', 'Gadgeteen_soul', 0),
    ('Ox_force_spellslingers', 'Temper_Tantrum', 0),
    ('Ox_force_spellslingers', 'Celestial_Blessing', 85),
    ('Ox_force_spellslingers', 'Ascension', 50),
    ('Ox_force_spellslingers', 'Threat_Level_Maximum', 0),
    ('Ox_force_spellslingers', 'Infiniteam_heart', 0),
    ('Ox_force_spellslingers', 'Infiniteam_crest', 25),
    ('Ox_force_spellslingers', 'Admin_heart', 25),
    ('Ox_force_spellslingers', 'Ox_force_heart', 100),
    ('Ox_force_spellslingers', 'Ox_force_crest', 0),
    ('Ox_force_spellslingers', 'Duelist_heart', 0),
    ('Ox_force_spellslingers', 'Duelist_crest', 0),
    ('Ox_force_spellslingers', 'Exiles', 50),
    ('Ox_force_spellslingers', 'Trade_sector', 65),
    ('Ox_force_spellslingers', 'Golden_Ticket', 15),
    ('Ox_force_spellslingers', 'Sureshot_heart', 40),
    ('Ox_force_spellslingers', 'Thrill_I', 70),
    ('Ox_force_spellslingers', 'Thrill_II', 100),
    ('Aegies_quickdraw', 'Gadgeteen_heart', 0),
    ('Aegies_quickdraw', 'Gadgeteen_crest', 0),
    ('Aegies_quickdraw', 'Gadgeteen_soul', 0),
    ('Aegies_quickdraw', 'Temper_Tantrum', 0),
    ('Aegies_quickdraw', 'Celestial_Blessing', 90),
    ('Aegies_quickdraw', 'Ascension', 45),
    ('Aegies_quickdraw', 'Threat_Level_Maximum', 30),
    ('Aegies_quickdraw', 'Infiniteam_heart', 0),
    ('Aegies_quickdraw', 'Infiniteam_crest', 25),
    ('Aegies_quickdraw', 'Admin_heart', 25),
    ('Aegies_quickdraw', 'Ox_force_heart', 0),
    ('Aegies_quickdraw', 'Ox_force_crest', 0),
    ('Aegies_quickdraw', 'Duelist_heart', 0),
    ('Aegies_quickdraw', 'Duelist_crest', 0),
    ('Aegies_quickdraw', 'Exiles', 50),
    ('Aegies_quickdraw', 'Trade_sector', 55),
    ('Aegies_quickdraw', 'Golden_Ticket', 40),
    ('Aegies_quickdraw', 'Sureshot_heart', 40),
    ('Aegies_quickdraw', 'Thrill_I', 100),
    ('Aegies_quickdraw', 'Thrill_II', 100),
    ('Lasercorps_brawlers', 'Gadgeteen_heart', 0),
    ('Lasercorps_brawlers', 'Gadgeteen_crest', 0),
    ('Lasercorps_brawlers', 'Gadgeteen_soul', 0),
    ('Lasercorps_brawlers', 'Temper_Tantrum', 0),
    ('Lasercorps_brawlers', 'Celestial_Blessing', 50),
    ('Lasercorps_brawlers', 'Ascension', 100),
    ('Lasercorps_brawlers', 'Threat_Level_Maximum', 20),
    ('Lasercorps_brawlers', 'Infiniteam_heart', 0),
    ('Lasercorps_brawlers', 'Infiniteam_crest', 0),
    ('Lasercorps_brawlers', 'Admin_heart', 50),
    ('Lasercorps_brawlers', 'Ox_force_heart', 0),
    ('Lasercorps_brawlers', 'Ox_force_crest', 0),
    ('Lasercorps_brawlers', 'Duelist_heart', 10),
    ('Lasercorps_brawlers', 'Duelist_crest', 40),
    ('Lasercorps_brawlers', 'Exiles', 50),
    ('Lasercorps_brawlers', 'Trade_sector', 90),
    ('Lasercorps_brawlers', 'Golden_Ticket', 20),
    ('Lasercorps_brawlers', 'Sureshot_heart', 0),
    ('Lasercorps_brawlers', 'Thrill_I', 40),
    ('Lasercorps_brawlers', 'Thrill_II', 10),
    ('Infiniteams', 'Gadgeteen_heart', 0),
    ('Infiniteams', 'Gadgeteen_crest', 0),
    ('Infiniteams', 'Gadgeteen_soul', 0),
    ('Infiniteams', 'Temper_Tantrum', 30),
    ('Infiniteams', 'Celestial_Blessing', 40),
    ('Infiniteams', 'Ascension', 40),
    ('Infiniteams', 'Threat_Level_Maximum', 0),
    ('Infiniteams', 'Infiniteam_heart', 100),
    ('Infiniteams', 'Infiniteam_crest', 100),
    ('Infiniteams', 'Admin_heart', 10),
    ('Infiniteams', 'Ox_force_heart', 0),
    ('Infiniteams', 'Ox_force_crest', 0),
    ('Infiniteams', 'Duelist_heart', 20),
    ('Infiniteams', 'Duelist_crest', 70),
    ('Infiniteams', 'Exiles', 50),
    ('Infiniteams', 'Trade_sector', 40),
    ('Infiniteams', 'Golden_Ticket', 70),
    ('Infiniteams', 'Sureshot_heart', 0),
    ('Infiniteams', 'Thrill_I', 30),
    ('Infiniteams', 'Thrill_II', 20),
    ('Gadgeteens', 'Gadgeteen_heart', 100),
    ('Gadgeteens', 'Gadgeteen_crest', 100),
    ('Gadgeteens', 'Gadgeteen_soul', 100),
    ('Gadgeteens', 'Temper_Tantrum', 100),
    ('Gadgeteens', 'Celestial_Blessing', 10),
    ('Gadgeteens', 'Ascension', 20),
    ('Gadgeteens', 'Threat_Level_Maximum', 0),
    ('Gadgeteens', 'Infiniteam_heart', 0),
    ('Gadgeteens', 'Infiniteam_crest', 0),
    ('Gadgeteens', 'Admin_heart', 0),
    ('Gadgeteens', 'Ox_force_heart', 0),
    ('Gadgeteens', 'Ox_force_crest', 0),
    ('Gadgeteens', 'Duelist_heart', 0),
    ('Gadgeteens', 'Duelist_crest', 0),
    ('Gadgeteens', 'Exiles', 50),
    ('Gadgeteens', 'Trade_sector', 90),
    ('Gadgeteens', 'Golden_Ticket', 100),
    ('Gadgeteens', 'Sureshot_heart', 0),
    ('Gadgeteens', 'Thrill_I', 50),
    ('Gadgeteens', 'Thrill_II', 50);